{
  "rawcv\\eslint.config.js": 1775704570.3886197,
  "rawcv\\middleware.ts": 1775657203.399588,
  "rawcv\\next-env.d.ts": 1775498610.903513,
  "rawcv\\next.config.mjs": 1776448605.5246167,
  "rawcv\\postcss.config.mjs": 1775498610.875486,
  "rawcv\\prisma.config.ts": 1775752637.3278189,
  "rawcv\\tailwind.config.ts": 1775498610.9140785,
  "rawcv\\app\\layout.tsx": 1776453654.04875,
  "rawcv\\app\\page.tsx": 1776448584.0160577,
  "rawcv\\app\\robots.ts": 1776448614.681383,
  "rawcv\\app\\sitemap.ts": 1776453628.3282056,
  "rawcv\\app\\analyze\\layout.tsx": 1776448634.8926463,
  "rawcv\\app\\analyze\\page.tsx": 1776176604.8413613,
  "rawcv\\app\\api\\ats\\route.ts": 1776186136.7484798,
  "rawcv\\app\\api\\auth\\register\\route.ts": 1776223843.6779916,
  "rawcv\\app\\api\\auth\\verify-email\\route.ts": 1776179745.1873798,
  "rawcv\\app\\api\\auth\\[...nextauth]\\route.ts": 1776179745.1883824,
  "rawcv\\app\\api\\chat\\route.ts": 1776432544.047721,
  "rawcv\\app\\api\\credits\\route.ts": 1776179745.192386,
  "rawcv\\app\\api\\enhance\\route.ts": 1776186143.9290888,
  "rawcv\\app\\api\\export\\route.ts": 1776237096.8528535,
  "rawcv\\app\\api\\parse\\route.ts": 1776224078.540881,
  "rawcv\\app\\api\\razorpay\\order\\route.ts": 1776179745.2008514,
  "rawcv\\app\\api\\razorpay\\verify\\route.ts": 1776179745.201916,
  "rawcv\\app\\api\\razorpay\\webhook\\route.ts": 1776179745.2029083,
  "rawcv\\app\\api\\relevance\\route.ts": 1776186142.8028295,
  "rawcv\\app\\api\\stripe\\checkout\\route.ts": 1776179745.2062626,
  "rawcv\\app\\api\\stripe\\webhook\\route.ts": 1776179745.2072573,
  "rawcv\\app\\api\\suggestions\\route.ts": 1776186143.4542708,
  "rawcv\\app\\api\\tailor\\route.ts": 1776434478.950278,
  "rawcv\\app\\chat\\layout.tsx": 1776448655.0369165,
  "rawcv\\app\\chat\\page.tsx": 1776370617.2621944,
  "rawcv\\app\\credits\\page.tsx": 1776224344.3062353,
  "rawcv\\app\\dashboard\\page.tsx": 1776224450.932635,
  "rawcv\\app\\how-to\\layout.tsx": 1776450376.3605466,
  "rawcv\\app\\how-to\\page.tsx": 1776585753.6407402,
  "rawcv\\app\\login\\page.tsx": 1776236077.5602732,
  "rawcv\\app\\privacy\\page.tsx": 1776111988.7402778,
  "rawcv\\app\\register\\page.tsx": 1776236147.6882823,
  "rawcv\\app\\tailor\\layout.tsx": 1776448645.0811954,
  "rawcv\\app\\tailor\\page.tsx": 1776176604.8425846,
  "rawcv\\app\\terms\\page.tsx": 1776112016.7279942,
  "rawcv\\components\\AILoader.tsx": 1776142898.088111,
  "rawcv\\components\\ATSScoreCard.tsx": 1776143338.2289739,
  "rawcv\\components\\ChatBot.tsx": 1776434106.5780652,
  "rawcv\\components\\CreditBalance.tsx": 1776224488.4669785,
  "rawcv\\components\\CreditWarningBanner.tsx": 1776150615.8441484,
  "rawcv\\components\\DownloadButton.tsx": 1776236837.3958566,
  "rawcv\\components\\EnhancementList.tsx": 1776143338.2311437,
  "rawcv\\components\\LandingCTA.tsx": 1776453639.9763176,
  "rawcv\\components\\RelevanceScoreCard.tsx": 1776143338.2368493,
  "rawcv\\components\\ResetButton.tsx": 1776153844.3974326,
  "rawcv\\components\\ResizablePanels.tsx": 1776425286.8570404,
  "rawcv\\components\\ResumePreview.tsx": 1776378981.5355349,
  "rawcv\\components\\ResumeUploader.tsx": 1776187053.0574949,
  "rawcv\\components\\SessionProvider.tsx": 1775499888.6677272,
  "rawcv\\components\\SuggestionsList.tsx": 1776143338.2311437,
  "rawcv\\components\\TailorDiff.tsx": 1776434504.0842876,
  "rawcv\\components\\ThemePicker.tsx": 1776379000.0008492,
  "rawcv\\components\\Toast.tsx": 1775500626.7830431,
  "rawcv\\components\\UndoButton.tsx": 1776012772.3330424,
  "rawcv\\components\\UserNav.tsx": 1776224477.1295016,
  "rawcv\\components\\themes\\ClassicTheme.tsx": 1775572522.5062184,
  "rawcv\\components\\themes\\CreativeTheme.tsx": 1775572648.1503754,
  "rawcv\\components\\themes\\EnhancTheme.tsx": 1776378936.7308128,
  "rawcv\\components\\themes\\ExecutiveTheme.tsx": 1775572596.8974702,
  "rawcv\\components\\themes\\index.ts": 1776378946.241929,
  "rawcv\\components\\themes\\MinimalTheme.tsx": 1775572573.7912524,
  "rawcv\\components\\themes\\ModernTheme.tsx": 1775572552.6177819,
  "rawcv\\components\\themes\\NavyTheme.tsx": 1775742501.0642357,
  "rawcv\\components\\themes\\SharpTheme.tsx": 1775742473.6204214,
  "rawcv\\components\\themes\\TerraTheme.tsx": 1775742523.6093423,
  "rawcv\\context\\ResumeContext.tsx": 1776377399.7520518,
  "rawcv\\lib\\ai-providers.ts": 1776378258.5137749,
  "rawcv\\lib\\api-guard.ts": 1776173593.8226323,
  "rawcv\\lib\\auth.ts": 1776223997.642044,
  "rawcv\\lib\\credits.ts": 1776173521.6653674,
  "rawcv\\lib\\email.ts": 1775654208.941778,
  "rawcv\\lib\\fuzzy-match.ts": 1776140167.3812792,
  "rawcv\\lib\\prisma.ts": 1775752369.928378,
  "rawcv\\lib\\rate-limit.ts": 1776223624.7484407,
  "rawcv\\lib\\stripe-config.ts": 1776224334.3329587,
  "rawcv\\lib\\theme-renderer.ts": 1776379258.7092342,
  "rawcv\\lib\\user-store.ts": 1776224069.1007032,
  "rawcv\\types\\index.ts": 1776378964.3836017,
  "rawcv\\types\\pdfjs-dist-build.d.ts": 1775704896.107659,
  "rawcv\\README.md": 1775498610.8206987,
  "rawcv\\public\\favicon.svg": 1775817201.0257955,
  "rawcv\\public\\logo.svg": 1775817185.059376,
  "rawcv\\public\\navigation_screen.jpg": 1776585366.6429543,
  "rawcv\\public\\og-image.svg": 1775817236.4797661,
  "rawcv\\public\\register_screen.jpg": 1776585275.2514262,
  "rawcv\\public\\resume_upload_screen.jpg": 1776585591.5765307
}